Suite/Test/Step Name,Browser,Description,Tag,Start time,End time,Duration,Status
TS002_003,,,,27-01-2024 15:40:45,27-01-2024 15:40:50,4.904s,FAILED
,,,,,,,
Test Cases/TC002,,Login,,27-01-2024 15:40:45,27-01-2024 15:40:49,3.115s,FAILED
"click(findTestObject(""Object Repository/TC002/Page_CURA Healthcare Service/amenu-toggle""))",,,,27-01-2024 15:40:47,27-01-2024 15:40:49,1.493s,FAILED
,,,,,,,
Test Cases/TC003,,Appointment booking,,27-01-2024 15:40:49,27-01-2024 15:40:50,0.860s,FAILED
"callTestCase(findTestCase(""TC002""), [:], STOP_ON_FAILURE)",,,,27-01-2024 15:40:49,27-01-2024 15:40:50,0.503s,FAILED
