Suite/Test/Step Name,Browser,Description,Tag,Start time,End time,Duration,Status
TS002_003,,,,27-01-2024 22:54:15,27-01-2024 22:54:18,2.787s,FAILED
,,,,,,,
Test Cases/TC002,,Login,,27-01-2024 22:54:16,27-01-2024 22:54:17,1.286s,FAILED
Start listener action : sampleBeforeTestCase,,,,27-01-2024 22:54:16,27-01-2024 22:54:16,0.083s,ERROR
"navigateToUrl(""https://katalon-demo-cura.herokuapp.com/"")",,,,27-01-2024 22:54:16,27-01-2024 22:54:17,0.780s,FAILED
Start listener action : sampleAfterTestCase,,,,27-01-2024 22:54:17,27-01-2024 22:54:17,0.018s,ERROR
,,,,,,,
Test Cases/TC003,,Appointment booking,,27-01-2024 22:54:17,27-01-2024 22:54:18,0.952s,FAILED
Start listener action : sampleBeforeTestCase,,,,27-01-2024 22:54:17,27-01-2024 22:54:17,0.018s,ERROR
"callTestCase(findTestCase(""TC002""), [""Username"":"""", ""Password"":""""], STOP_ON_FAILURE)",,,,27-01-2024 22:54:18,27-01-2024 22:54:18,0.280s,FAILED
Start listener action : sampleAfterTestCase,,,,27-01-2024 22:54:18,27-01-2024 22:54:18,0.008s,ERROR
